{"schemaVersion":"1.0","appDefinitionTemplate":{"id":"/providers/Microsoft.PowerApps/apps/","type":"Microsoft.PowerApps/apps","tags":{"primaryDeviceWidth":"1366","primaryDeviceHeight":"768","sienaVersion":"20220129T011125Z-3.21124.16.0","deviceCapabilities":"","supportsPortrait":"true","supportsLandscape":"true","primaryFormFactor":"Tablet","publisherVersion":"3.21124.16","minimumRequiredApiVersion":"2.2.0","hasComponent":"false","hasUnlockedComponent":"false","isUnifiedRootApp":"false"},"properties":{"appVersion":"2022-01-29T01:11:25Z","lifeCycleId":"Published","createdByClientVersion":{"major":3,"minor":21124,"build":16,"revision":0,"majorRevision":0,"minorRevision":0},"minClientVersion":{"major":3,"minor":21124,"build":16,"revision":0,"majorRevision":0,"minorRevision":0},"backgroundColor":"RGBA(0,176,240,1)","backgroundImageUri":"/16622144264958378817/N094a5044-faf5-43b4-81ad-fa19162dd102-logoSmallFile","displayName":"Trilha de Conhecimento","description":"","commitMessage":"","appUris":{"documentUri":{"value":"/16622144264958378817/N9bbe14a9-2be9-4fcc-a6fe-6684757365ec-document.msapp"},"imageUris":[]},"createdTime":"0001-01-01T00:00:00Z","lastModifiedTime":"0001-01-01T00:00:00Z","sharedGroupsCount":0,"sharedUsersCount":0,"icons":{"smallIconUri":"/16622144264958378817/N366f40e3-628e-435f-baf4-f0f8449e4f37-small.png","mediumIconUri":"/16622144264958378817/Nccb62db3-6901-43fc-b764-a13472d2892b-medium.png","largeIconUri":"/16622144264958378817/N3998f2fb-33a8-4e8a-b0bb-f79a17b47e0d-large.png","wideIconUri":"/16622144264958378817/Necb0b544-5ac5-4ad6-8d20-f21f76d0224b-wide.png"},"connectionReferences":{"0d051fbd-51a3-42cb-8942-9474e97cbb9e":{"id":"79a39c46-6a7d-4e02-94f5-d80a9cfad937","displayName":"Usuários do Office 365","iconUri":"https://connectoricons-prod.azureedge.net/releases/v1.0.1528/1.0.1528.2589/office365users/icon.png","dataSources":["UsuáriosdoOffice365"],"dependencies":[],"dependents":[],"parameterHints":{},"parameterHintsV2":{},"isOnPremiseConnection":false,"bypassConsent":false,"dataSets":{},"apiTier":"Standard","isCustomApiConnection":false,"actions":["MyProfileV2"]},"5a41fe6a-b16c-4ce1-af45-b9adaad30642":{"id":"b8ed1627-b25b-4cf0-b3ba-26fdff20117c","displayName":"SharePoint","iconUri":"https://connectoricons-prod.azureedge.net/releases/v1.0.1546/1.0.1546.2667/sharepointonline/icon.png","dataSources":["Cursos"],"dependencies":[],"dependents":[],"parameterHints":{},"parameterHintsV2":{},"isOnPremiseConnection":false,"bypassConsent":false,"dataSets":{"https://alunoimpacta.sharepoint.com/sites/cinciadacomputacao":{"dataSources":{"Cursos":{"tableName":"3dfe118f-ad3e-44c6-9a1f-b6e3ae11acfb"}}}},"apiTier":"Standard","isCustomApiConnection":false,"actions":["providers/PowerPlatform.Governance/Operations/Read","providers/PowerPlatform.Governance/Operations/Write","providers/PowerPlatform.Governance/Operations/Delete"]},"621f1309-b579-4ed8-8627-ea9ca6d77a2b":{"id":"d827ba8f-b4c4-4ad1-af04-497b30b30a0f","displayName":"Office 365 Outlook","iconUri":"https://connectoricons-prod.azureedge.net/releases/v1.0.1538/1.0.1538.2621/office365/icon.png","dataSources":["Office365Outlook"],"dependencies":[],"dependents":[],"parameterHints":{},"parameterHintsV2":{},"isOnPremiseConnection":false,"bypassConsent":false,"dataSets":{},"apiTier":"Standard","isCustomApiConnection":false,"actions":["SendEmailV2"]}},"databaseReferences":{},"almMode":"Environment","performanceOptimizationEnabled":true,"canConsumeAppPass":true,"executionRestrictions":{"isTeamsOnly":false,"dataLossPreventionEvaluationResult":{"status":"Compliant","lastEvaluationDate":"2022-01-08T04:33:01.1843554Z","violations":[],"violationsByPolicy":[],"violationErrorMessage":"O aplicativo usa os seguintes conectores: shared_office365users, shared_sharepointonline."}}},"appType":"ClassicCanvasApp","appComponents":[]}}